1486429278.000000868,0,HO,False,0
1486429278.000000989,0,HO,False,0
1486429279.000000104,0,HO,False,0
1486429279.000000134,0,HO,False,0
1486429279.000000328,0,HO,False,0
1486429279.000000385,0,HO,False,0
1486429279.000000487,0,HO,False,0
1486429279.000000601,0,HO,False,0
1486429279.000000711,0,HO,False,0
1486429279.000000830,0,HO,False,0
1486429280.000000023,0,HO,False,0
1486429280.000000092,0,HO,False,0
1486429280.000000109,0,HO,False,0
1486429280.000000142,0,HO,False,0
1486429280.000000172,0,HO,False,0
1486429280.000000209,0,HO,False,0
1486429280.000000253,0,HO,False,0
1486429280.000000288,0,HO,False,0
1486429280.000000326,0,HO,False,0
1486429280.000000363,0,HO,False,0
1486429280.000000402,0,HO,False,0
1486429280.000000442,0,HO,False,0
1486429280.000000480,0,HO,False,0
1486429280.000000518,0,HO,False,0
1486429280.000000556,0,HO,False,0
1486429280.000000597,0,HO,False,0
1486429280.000000632,0,HO,False,0
1486429280.000000671,0,HO,False,0
1486429280.000000712,0,HO,False,0
1486429280.000000749,0,HO,False,0
1486429280.000000787,0,HO,False,0
1486429280.000000826,0,HO,False,0
1486429280.000000864,0,HO,False,0
1486429280.000000905,0,HO,False,0
1486429280.000000960,0,HO,False,0
1486429281.000000062,0,HO,False,0
1486429281.000000113,0,HO,False,0
1486429281.000000151,0,HO,False,0
1486429281.000000200,0,HO,False,0
1486429281.000000230,0,HO,False,0
1486429281.000000289,0,HO,False,0
1486429281.000000370,0,HO,False,0
1486429281.000000430,0,HO,False,0
1486429281.000000520,0,HO,False,0
1486429281.000000577,0,HO,False,0
1486429281.000000677,0,HO,False,0
1486429281.000000734,0,HO,False,0
1486429281.000000780,0,HO,False,0
1486429281.000000869,0,HO,False,0
1486429281.000000930,0,HO,False,0
1486429281.000000978,0,HO,False,0
1486429282.000000069,0,HO,False,0
1486429282.000000113,0,HO,False,0
1486429282.000000161,0,HO,False,0
1486429282.000000200,0,HO,False,0
1486429282.000000302,0,HO,False,0
1486429282.000000349,0,HO,False,0
1486429282.000000392,0,HO,False,0
1486429282.000000435,0,HO,False,0
1486429282.000000470,0,HO,False,0
1486429282.000000519,0,HO,False,0
1486429282.000000604,0,HO,False,0
1486429282.000000661,0,HO,False,0
1486429282.000000761,0,HO,False,0
1486429282.000000820,0,HO,False,0
1486429282.000000912,0,HO,False,0
1486429282.000000969,0,HO,False,0
1486429283.000000014,0,HO,False,0
1486429283.000000102,0,HO,False,0
1486429283.000000154,0,HO,False,0
1486429283.000000202,0,HO,False,0
1486429283.000000300,0,HO,False,0
1486429283.000000344,0,HO,False,0
1486429283.000000449,0,HO,False,0
1486429283.000000507,0,HO,False,0
1486429283.000000544,0,HO,False,0
1486429283.000000583,0,HO,False,0
1486429283.000000623,0,HO,False,0
1486429283.000000662,0,HO,False,0
1486429283.000000784,0,HO,False,0
1486429283.000000812,0,HO,False,0
1486429283.000000858,0,HO,False,0
1486429284.000000028,0,HO,False,0
1486429284.000000081,0,HO,False,0
1486429284.000000119,0,HO,False,0
1486429284.000000160,0,HO,False,0
1486429284.000000203,0,HO,False,0
1486429284.000000248,0,HO,False,0
1486429284.000000355,0,HO,False,0
1486429284.000000393,0,HO,False,0
1486429284.000000440,0,HO,False,0
1486429284.000000540,0,HO,False,0
1486429284.000000568,0,HO,False,0
1486429284.000000601,0,HO,False,0
1486429284.000000644,0,HO,False,0
1486429284.000000679,0,HO,False,0
1486429284.000000721,0,HO,False,0
1486429284.000000757,0,HO,False,0
1486429284.000000797,0,HO,False,0
1486429284.000000834,0,HO,False,0
1486429284.000000873,0,HO,False,0
1486429284.000000913,0,HO,False,0
1486429284.000000950,0,HO,False,0
1486429284.000000988,0,HO,False,0
1486429285.000000030,0,HO,False,0
1486429285.000000065,0,HO,False,0
1486429285.000000104,0,HO,False,0
1486429285.000000142,0,HO,False,0
1486429285.000000182,0,HO,False,0
1486429285.000000222,0,HO,False,0
1486429285.000000258,0,HO,False,0
1486429285.000000297,0,HO,False,0
1486429285.000000336,0,HO,False,0
1486429285.000000374,0,HO,False,0
1486429285.000000412,0,HO,False,0
1486429285.000000451,0,HO,False,0
1486429285.000000493,0,HO,False,0
1486429285.000000531,0,HO,False,0
1486429285.000000566,0,HO,False,0
1486429285.000000605,0,HO,False,0
1486429285.000000643,0,HO,False,0
1486429285.000000682,0,HO,False,0
1486429285.000000722,0,HO,False,0
1486429285.000000760,0,HO,False,0
1486429285.000000799,0,HO,False,0
1486429285.000000837,0,HO,False,0
1486429285.000000874,0,HO,False,0
1486429285.000000912,0,HO,False,0
1486429285.000000953,0,HO,False,0
1486429285.000000992,0,HO,False,0
1486429286.000000031,0,HO,False,0
1486429286.000000067,0,HO,False,0
1486429286.000000105,0,HO,False,0
1486429286.000000147,0,HO,False,0
1486429286.000000183,0,HO,False,0
1486429286.000000224,0,HO,False,0
1486429286.000000261,0,HO,False,0
1486429286.000000298,0,HO,False,0
1486429286.000000339,0,HO,False,0
1486429286.000000377,0,HO,False,0
1486429286.000000415,0,HO,False,0
1486429286.000000454,0,HO,False,0
1486429286.000000646,0,HO,False,0
1486429286.000000683,0,HO,False,0
1486429286.000000725,0,HO,False,0
1486429286.000000763,0,HO,False,0
1486429286.000000801,0,HO,False,0
1486429286.000000839,0,HO,False,0
1486429286.000000877,0,HO,False,0
1486429286.000000916,0,HO,False,0
1486429286.000000954,0,HO,False,0
1486429286.000000993,0,HO,False,0
1486429287.000000033,0,HO,False,0
1486429287.000000069,0,HO,False,0
1486429287.000000108,0,HO,False,0
1486429287.000000148,0,HO,False,0
1486429287.000000186,0,HO,False,0
1486429287.000000225,0,HO,False,0
1486429287.000000262,0,HO,False,0
1486429287.000000300,0,HO,False,0
1486429287.000000339,0,HO,False,0
1486429287.000000378,0,HO,False,0
1486429287.000000416,0,HO,False,0
1486429287.000000454,0,HO,False,0
1486429287.000000494,0,HO,False,0
1486429287.000000533,0,HO,False,0
1486429287.000000571,0,HO,False,0
1486429287.000000608,0,HO,False,0
1486429287.000000648,0,HO,False,0
1486429287.000000687,0,HO,False,0
1486429287.000000725,0,HO,False,0
1486429287.000000763,0,HO,False,0
1486429287.000000802,0,HO,False,0
1486429287.000000841,0,HO,False,0
1486429287.000000879,0,HO,False,0
1486429287.000000922,0,HO,False,0
1486429287.000000956,0,HO,False,0
1486429287.000000995,0,HO,False,0
1486429288.000000033,0,HO,False,0
1486429288.000000072,0,HO,False,0
1486429288.000000111,0,HO,False,0
1486429288.000000149,0,HO,False,0
1486429288.000000187,0,HO,False,0
1486429288.000000227,0,HO,False,0
1486429288.000000264,0,HO,False,0
1486429288.000000304,0,HO,False,0
1486429288.000000341,0,HO,False,0
1486429288.000000380,0,HO,False,0
1486429288.000000419,0,HO,False,0
1486429288.000000458,0,HO,False,0
1486429288.000000495,0,HO,False,0
1486429288.000000535,0,HO,False,0
1486429288.000000572,0,HO,False,0
1486429288.000000611,0,HO,False,0
1486429288.000000651,0,HO,False,0
1486429288.000000688,0,HO,False,0
1486429288.000000729,0,HO,False,0
1486429288.000000768,0,HO,False,0
1486429288.000000808,0,HO,False,0
1486429288.000000844,0,HO,False,0
1486429288.000000885,0,HO,False,0
1486429288.000000920,0,HO,False,0
1486429288.000000959,0,HO,False,0
1486429288.000000999,0,HO,False,0
1486429289.000000035,0,HO,False,0
1486429289.000000073,0,HO,False,0
1486429289.000000113,0,HO,False,0
1486429289.000000152,0,HO,False,0
1486429289.000000190,0,HO,False,0
1486429289.000000229,0,HO,False,0
1486429289.000000267,0,HO,False,0
1486429289.000000305,0,HO,False,0
1486429289.000000344,0,HO,False,0
1486429289.000000382,0,HO,False,0
1486429289.000000420,0,HO,False,0
1486429289.000000459,0,HO,False,0
1486429289.000000497,0,HO,False,0
1486429289.000000536,0,HO,False,0
1486429289.000000579,0,HO,False,0
1486429289.000000614,0,HO,False,0
1486429289.000000653,0,HO,False,0
1486429289.000000691,0,HO,False,0
1486429289.000000729,0,HO,False,0
1486429289.000000768,0,HO,False,0
1486429289.000000806,0,HO,False,0
1486429289.000000845,0,HO,False,0
1486429289.000000884,0,HO,False,0
1486429289.000000922,0,HO,False,0
1486429289.000000961,0,HO,False,0
1486429289.000000999,0,HO,False,0
1486429290.000000038,0,HO,False,0
1486429290.000000077,0,HO,False,0
1486429290.000000114,0,HO,False,0
1486429290.000000153,0,HO,False,0
1486429290.000000191,0,HO,False,0
1486429290.000000230,0,HO,False,0
1486429290.000000269,0,HO,False,0
1486429290.000000309,0,HO,False,0
1486429290.000000345,0,HO,False,0
1486429290.000000384,0,HO,False,0
1486429290.000000423,0,HO,False,0
1486429290.000000461,0,HO,False,0
1486429290.000000499,0,HO,False,0
1486429290.000000539,0,HO,False,0
1486429290.000000577,0,HO,False,0
1486429290.000000616,0,HO,False,0
1486429290.000000656,0,HO,False,0
1486429290.000000694,0,HO,False,0
1486429290.000000734,0,HO,False,0
1486429290.000000768,0,HO,False,0
1486429290.000000808,0,HO,False,0
1486429290.000000848,0,HO,False,0
1486429290.000000886,0,HO,False,0
1486429290.000000924,0,HO,False,0
1486429290.000000963,0,HO,False,0
1486429290.000001000,0,HO,False,0
1486429291.000000040,0,HO,False,0
1486429291.000000079,0,HO,False,0
1486429291.000000116,0,HO,False,0
1486429291.000000155,0,HO,False,0
1486429291.000000195,0,HO,False,0
1486429291.000000232,0,HO,False,0
1486429291.000000271,0,HO,False,0
1486429291.000000310,0,HO,False,0
1486429291.000000348,0,HO,False,0
1486429291.000000387,0,HO,False,0
1486429291.000000425,0,HO,False,0
1486429291.000000464,0,HO,False,0
1486429291.000000501,0,HO,False,0
1486429291.000000541,0,HO,False,0
1486429291.000000579,0,HO,False,0
1486429291.000000617,0,HO,False,0
1486429291.000000656,0,HO,False,0
1486429291.000000694,0,HO,False,0
1486429291.000000733,0,HO,False,0
1486429291.000000772,0,HO,False,0
1486429291.000000810,0,HO,False,0
1486429291.000000849,0,HO,False,0
1486429291.000000887,0,HO,False,0
1486429291.000000927,0,HO,False,0
1486429291.000000964,0,HO,False,0
1486429292.000000002,0,HO,False,0
1486429292.000000043,0,HO,False,0
1486429292.000000081,0,HO,False,0
1486429292.000000119,0,HO,False,0
1486429292.000000157,0,HO,False,0
1486429292.000000196,0,HO,False,0
1486429292.000000235,0,HO,False,0
1486429292.000000275,0,HO,False,0
1486429292.000000312,0,HO,False,0
1486429292.000000350,0,HO,False,0
1486429292.000000388,0,HO,False,0
1486429292.000000427,0,HO,False,0
1486429292.000000466,0,HO,False,0
1486429292.000000504,0,HO,False,0
1486429292.000000542,0,HO,False,0
1486429292.000000582,0,HO,False,0
1486429292.000000620,0,HO,False,0
1486429292.000000659,0,HO,False,0
1486429292.000000696,0,HO,False,0
1486429292.000000735,0,HO,False,0
1486429292.000000774,0,HO,False,0
1486429292.000000813,0,HO,False,0
1486429292.000000850,0,HO,False,0
1486429292.000000890,0,HO,False,0
1486429292.000000929,0,HO,False,0
1486429292.000000967,0,HO,False,0
1486429293.000000006,0,HO,False,0
1486429293.000000044,0,HO,False,0
1486429293.000000082,0,HO,False,0
1486429293.000000121,0,HO,False,0
1486429293.000000159,0,HO,False,0
1486429293.000000198,0,HO,False,0
1486429293.000000238,0,HO,False,0
1486429293.000000274,0,HO,False,0
1486429293.000000315,0,HO,False,0
1486429293.000000353,0,HO,False,0
1486429293.000000393,0,HO,False,0
1486429293.000000429,0,HO,False,0
1486429293.000000467,0,HO,False,0
1486429293.000000505,0,HO,False,0
1486429293.000000545,0,HO,False,0
1486429293.000000584,0,HO,False,0
1486429293.000000622,0,HO,False,0
1486429293.000000662,0,HO,False,0
1486429293.000000699,0,HO,False,0
1486429293.000000737,0,HO,False,0
1486429293.000000776,0,HO,False,0
1486429293.000000815,0,HO,False,0
1486429293.000000854,0,HO,False,0
1486429293.000000892,0,HO,False,0
1486429293.000000930,0,HO,False,0
1486429293.000000968,0,HO,False,0
1486429294.000000006,0,HO,False,0
1486429294.000000046,0,HO,False,0
1486429294.000000084,0,HO,False,0
1486429294.000000122,0,HO,False,0
1486429294.000000161,0,HO,False,0
1486429294.000000200,0,HO,False,0
1486429294.000000238,0,HO,False,0
1486429294.000000278,0,HO,False,0
1486429294.000000315,0,HO,False,0
1486429294.000000354,0,HO,False,0
1486429294.000000393,0,HO,False,0
1486429294.000000432,0,HO,False,0
1486429294.000000470,0,HO,False,0
1486429294.000000509,0,HO,False,0
1486429294.000000546,0,HO,False,0
1486429294.000000585,0,HO,False,0
1486429294.000000624,0,HO,False,0
1486429294.000000664,0,HO,False,0
1486429294.000000701,0,HO,False,0
1486429294.000000740,0,HO,False,0
1486429294.000000779,0,HO,False,0
1486429294.000000817,0,HO,False,0
1486429294.000000855,0,HO,False,0
1486429294.000000894,0,HO,False,0
1486429294.000000932,0,HO,False,0
1486429294.000000970,0,HO,False,0
1486429295.000000010,0,HO,False,0
1486429295.000000047,0,HO,False,0
1486429295.000000086,0,HO,False,0
1486429295.000000125,0,HO,False,0
1486429295.000000164,0,HO,False,0
1486429295.000000202,0,HO,False,0
1486429295.000000240,0,HO,False,0
1486429295.000000280,0,HO,False,0
1486429295.000000318,0,HO,False,0
1486429295.000000356,0,HO,False,0
1486429295.000000395,0,HO,False,0
1486429295.000000433,0,HO,False,0
1486429295.000000472,0,HO,False,0
1486429295.000000510,0,HO,False,0
1486429295.000000548,0,HO,False,0
1486429295.000000593,0,HO,False,0
1486429295.000000626,0,HO,False,0
1486429295.000000666,0,HO,False,0
1486429295.000000703,0,HO,False,0
1486429295.000000741,0,HO,False,0
1486429295.000000781,0,HO,False,0
1486429295.000000819,0,HO,False,0
1486429295.000000858,0,HO,False,0
1486429295.000000896,0,HO,False,0
1486429295.000000935,0,HO,False,0
1486429295.000000972,0,HO,False,0
1486429296.000000013,0,HO,False,0
1486429296.000000051,0,HO,False,0
1486429296.000000089,0,HO,False,0
1486429296.000000126,0,HO,False,0
1486429296.000000167,0,HO,False,0
1486429296.000000204,0,HO,False,0
1486429296.000000244,0,HO,False,0
1486429296.000000281,0,HO,False,0
1486429296.000000320,0,HO,False,0
1486429296.000000358,0,HO,False,0
1486429296.000000398,0,HO,False,0
1486429296.000000435,0,HO,False,0
1486429296.000000474,0,HO,False,0
1486429296.000000512,0,HO,False,0
1486429296.000000552,0,HO,False,0
1486429296.000000590,0,HO,False,0
1486429296.000000629,0,HO,False,0
1486429296.000000669,0,HO,False,0
1486429296.000000706,0,HO,False,0
1486429296.000000744,0,HO,False,0
1486429296.000000783,0,HO,False,0
1486429296.000000821,0,HO,False,0
1486429296.000000861,0,HO,False,0
1486429296.000000898,0,HO,False,0
1486429296.000000939,0,HO,False,0
1486429296.000000976,0,HO,False,0
1486429297.000000016,0,HO,False,0
1486429297.000000053,0,HO,False,0
1486429297.000000093,0,HO,False,0
1486429297.000000130,0,HO,False,0
1486429297.000000168,0,HO,False,0
1486429297.000000206,0,HO,False,0
1486429297.000000245,0,HO,False,0
1486429297.000000284,0,HO,False,0
1486429297.000000321,0,HO,False,0
1486429297.000000361,0,HO,False,0
1486429297.000000401,0,HO,False,0
1486429297.000000438,0,HO,False,0
1486429297.000000476,0,HO,False,0
1486429297.000000514,0,HO,False,0
1486429297.000000554,0,HO,False,0
1486429297.000000592,0,HO,False,0
1486429297.000000632,0,HO,False,0
1486429297.000000669,0,HO,False,0
1486429297.000000708,0,HO,False,0
1486429297.000000745,0,HO,False,0
1486429297.000000785,0,HO,False,0
1486429297.000000824,0,HO,False,0
1486429297.000000862,0,HO,False,0
1486429297.000000899,0,HO,False,0
1486429297.000000938,0,HO,False,0
1486429297.000000977,0,HO,False,0
1486429298.000000016,0,HO,False,0
1486429298.000000055,0,HO,False,0
1486429298.000000093,0,HO,False,0
1486429298.000000133,0,HO,False,0
1486429298.000000172,0,HO,False,0
1486429298.000000209,0,HO,False,0
1486429298.000000246,0,HO,False,0
1486429298.000000285,0,HO,False,0
1486429298.000000326,0,HO,False,0
1486429298.000000362,0,HO,False,0
1486429298.000000403,0,HO,False,0
1486429298.000000439,0,HO,False,0
1486429298.000000478,0,HO,False,0
1486429298.000000516,0,HO,False,0
1486429298.000000555,0,HO,False,0
1486429298.000000595,0,HO,False,0
1486429298.000000633,0,HO,False,0
1486429298.000000672,0,HO,False,0
1486429298.000000713,0,HO,False,0
1486429298.000000751,0,HO,False,0
1486429298.000000793,0,HO,False,0
1486429298.000000835,0,HO,False,0
1486429298.000000868,0,HO,False,0
1486429298.000000903,0,HO,False,0
1486429298.000000945,0,HO,False,0
1486429298.000000986,0,HO,False,0
1486429299.000000019,0,HO,False,0
1486429299.000000055,0,HO,False,0
1486429299.000000096,0,HO,False,0
1486429299.000000136,0,HO,False,0
1486429299.000000173,0,HO,False,0
1486429299.000000212,0,HO,False,0
1486429299.000000250,0,HO,False,0
1486429299.000000288,0,HO,False,0
1486429299.000000330,0,HO,False,0
1486429299.000000365,0,HO,False,0
1486429299.000000404,0,HO,False,0
1486429299.000000443,0,HO,False,0
1486429299.000000482,0,HO,False,0
1486429299.000000519,0,HO,False,0
1486429299.000000558,0,HO,False,0
1486429299.000000596,0,HO,False,0
1486429299.000000637,0,HO,False,0
1486429299.000000677,0,HO,False,0
1486429299.000000712,0,HO,False,0
1486429299.000000753,0,HO,False,0
1486429299.000000787,0,HO,False,0
1486429299.000000830,0,HO,False,0
1486429299.000000866,0,HO,False,0
1486429299.000000904,0,HO,False,0
1486429299.000000942,0,HO,False,0
1486429299.000000981,0,HO,False,0
1486429300.000000020,0,HO,False,0
1486429300.000000060,0,HO,False,0
1486429300.000000097,0,HO,False,0
1486429300.000000139,0,HO,False,0
1486429300.000000175,0,HO,False,0
1486429300.000000213,0,HO,False,0
1486429300.000000250,0,HO,False,0
1486429300.000000291,0,HO,False,0
1486429300.000000332,0,HO,False,0
1486429300.000000366,0,HO,False,0
1486429300.000000406,0,HO,False,0
1486429300.000000455,0,HO,False,0
1486429300.000000498,0,HO,False,0
1486429300.000000536,0,HO,False,0
1486429300.000000562,0,HO,False,0
1486429300.000000597,0,HO,False,0
1486429300.000000639,0,HO,False,0
1486429300.000000677,0,HO,False,0
1486429300.000000716,0,HO,False,0
1486429300.000000753,0,HO,False,0
1486429300.000000792,0,HO,False,0
1486429300.000000831,0,HO,False,0
1486429300.000000869,0,HO,False,0
1486429300.000000906,0,HO,False,0
1486429300.000000948,0,HO,False,0
1486429300.000000984,0,HO,False,0
1486429301.000000022,0,HO,False,0
1486429301.000000062,0,HO,False,0
1486429301.000000100,0,HO,False,0
1486429301.000000228,0,HO,False,0
1486429301.000000343,0,HO,False,0
1486429301.000000535,0,HO,False,0
1486429301.000000640,0,HO,False,0
1486429301.000000692,0,HO,False,0
1486429301.000000729,0,HO,False,0
1486429301.000000771,0,HO,False,0
1486429301.000000814,0,HO,False,0
1486429301.000000850,0,HO,False,0
1486429301.000000948,0,HO,False,0
1486429301.000000999,0,HO,False,0
1486429302.000000039,0,HO,False,0
1486429302.000000082,0,HO,False,0
1486429302.000000128,0,HO,False,0
1486429302.000000225,0,HO,False,0
1486429302.000000272,0,HO,False,0
1486429302.000000329,0,HO,False,0
1486429302.000000415,0,HO,False,0
1486429302.000000527,40,HA,True,1
1486429302.000000564,40,HA,True,1
1486429302.000000603,15,HA,True,1
1486429302.000000640,15,HA,True,1
1486429302.000000681,15,HA,True,1
1486429302.000000718,12,HO,True,1
1486429302.000000758,12,HO,True,1
1486429302.000000796,12,HO,True,1
1486429302.000000834,11,HO,True,1
1486429302.000000872,11,HO,True,1
1486429302.000000910,11,HO,True,1
1486429302.000000952,14,HO,True,1
1486429302.000000987,14,HO,True,1
1486429303.000000028,14,HO,True,1
1486429303.000000066,16,HO,True,1
1486429303.000000104,16,HO,True,1
1486429303.000000141,16,HO,True,1
1486429303.000000181,18,HB,True,1
1486429303.000000219,18,HB,True,1
1486429303.000000259,18,HB,True,1
1486429303.000000296,20,HB,True,1
1486429303.000000336,20,HB,True,1
1486429303.000000374,20,HB,True,1
1486429303.000000411,0,HO,False,0
1486429303.000000451,0,HO,False,0
1486429303.000000490,0,HO,False,0
1486429303.000000528,0,HO,False,0
1486429303.000000567,0,HO,False,0
1486429303.000000603,0,HO,False,0
1486429303.000000644,0,HO,False,0
1486429303.000000681,0,HO,False,0
1486429303.000000720,0,HO,False,0
1486429303.000000760,0,HO,False,0
1486429303.000000797,0,HO,False,0
1486429303.000000837,0,HO,False,0
1486429303.000000874,0,HO,False,0
1486429303.000000912,0,HO,False,0
1486429303.000000951,0,HO,False,0
1486429303.000000990,0,HO,False,0
1486429304.000000028,0,HO,False,0
1486429304.000000071,0,HO,False,0
1486429304.000000105,0,HO,False,0
1486429304.000000146,0,HO,False,0
1486429304.000000188,0,HO,False,0
1486429304.000000220,0,HO,False,0
1486429304.000000262,0,HO,False,0
1486429304.000000298,0,HO,False,0
1486429304.000000338,0,HO,False,0
1486429304.000000375,0,HO,False,0
1486429304.000000415,0,HO,False,0
1486429304.000000451,0,HO,False,0
1486429304.000000491,0,HO,False,0
1486429304.000000529,0,HO,False,0
1486429304.000000571,0,HO,False,0
1486429304.000000608,0,HO,False,0
1486429304.000000646,0,HO,False,0
1486429304.000000683,0,HO,False,0
1486429304.000000721,0,HO,False,0
1486429304.000000762,0,HO,False,0
1486429304.000000800,0,HO,False,0
1486429304.000000838,0,HO,False,0
1486429304.000000878,0,HO,False,0
1486429304.000000916,0,HO,False,0
1486429304.000000953,0,HO,False,0
1486429304.000000992,0,HO,False,0
1486429305.000000031,0,HO,False,0
1486429305.000000072,0,HO,False,0
1486429305.000000107,0,HO,False,0
1486429305.000000146,0,HO,False,0
1486429305.000000184,0,HO,False,0
1486429305.000000223,0,HO,False,0
1486429305.000000262,0,HO,False,0
1486429305.000000302,0,HO,False,0
1486429305.000000340,0,HO,False,0
1486429305.000000379,0,HO,False,0
1486429305.000000431,0,HO,False,0
1486429305.000000533,0,HO,False,0
1486429305.000000576,0,HO,False,0
1486429305.000000610,0,HO,False,0
1486429305.000000670,0,HO,False,0
1486429305.000000715,0,HO,False,0
1486429305.000000802,0,HO,False,0
1486429305.000000841,0,HO,False,0
1486429305.000000879,0,HO,False,0
1486429305.000000917,0,HO,False,0
1486429305.000000955,0,HO,False,0
1486429305.000000994,0,HO,False,0
1486429306.000000032,0,HO,False,0
1486429306.000000074,0,HO,False,0
1486429306.000000109,0,HO,False,0
1486429306.000000150,0,HO,False,0
1486429306.000000188,0,HO,False,0
1486429306.000000226,0,HO,False,0
1486429306.000000267,0,HO,False,0
1486429306.000000302,0,HO,False,0
1486429306.000000342,0,HO,False,0
1486429306.000000383,0,HO,False,0
1486429306.000000418,0,HO,False,0
1486429306.000000457,0,HO,False,0
1486429306.000000494,0,HO,False,0
1486429306.000000534,0,HO,False,0
1486429306.000000574,0,HO,False,0
1486429306.000000611,0,HO,False,0
1486429306.000000654,0,HO,False,0
1486429306.000000691,0,HO,False,0
1486429306.000000724,0,HO,False,0
1486429306.000000765,0,HO,False,0
1486429306.000000804,0,HO,False,0
1486429306.000000842,0,HO,False,0
1486429306.000000883,0,HO,False,0
1486429306.000000920,0,HO,False,0
1486429306.000000957,0,HO,False,0
1486429306.000000996,0,HO,False,0
1486429307.000000034,0,HO,False,0
1486429307.000000075,0,HO,False,0
1486429307.000000111,0,HO,False,0
1486429307.000000150,0,HO,False,0
1486429307.000000187,0,HO,False,0
1486429307.000000228,0,HO,False,0
1486429307.000000266,0,HO,False,0
1486429307.000000304,0,HO,False,0
1486429307.000000345,0,HO,False,0
1486429307.000000384,0,HO,False,0
1486429307.000000421,0,HO,False,0
1486429307.000000463,0,HO,False,0
1486429307.000000497,0,HO,False,0
1486429307.000000535,0,HO,False,0
1486429307.000000576,0,HO,False,0
1486429307.000000613,0,HO,False,0
1486429307.000000651,0,HO,False,0
1486429307.000000689,0,HO,False,0
1486429307.000000728,0,HO,False,0
1486429307.000000772,0,HO,False,0
1486429307.000000807,0,HO,False,0
1486429307.000000844,0,HO,False,0
1486429307.000000885,0,HO,False,0
1486429307.000000925,0,HO,False,0
1486429307.000000960,0,HO,False,0
1486429307.000000997,0,HO,False,0
1486429308.000000037,0,HO,False,0
1486429308.000000078,0,HO,False,0
1486429308.000000114,0,HO,False,0
1486429308.000000153,0,HO,False,0
1486429308.000000191,0,HO,False,0
1486429308.000000247,0,HO,False,0
1486429308.000000347,0,HO,False,0
1486429308.000000387,0,HO,False,0
1486429308.000000449,0,HO,False,0
1486429308.000000538,0,HO,False,0
1486429308.000000581,0,HO,False,0
1486429308.000000614,0,HO,False,0
1486429308.000000655,0,HO,False,0
1486429308.000000696,0,HO,False,0
1486429308.000000735,0,HO,False,0
1486429308.000000781,0,HO,False,0
1486429308.000000816,0,HO,False,0
1486429308.000000851,0,HO,False,0
1486429308.000000889,0,HO,False,0
1486429308.000000922,0,HO,False,0
1486429308.000000967,0,HO,False,0
1486429309.000000003,0,HO,False,0
1486429309.000000039,0,HO,False,0
1486429309.000000078,0,HO,False,0
1486429309.000000115,0,HO,False,0
1486429309.000000154,0,HO,False,0
1486429309.000000196,0,HO,False,0
1486429309.000000232,0,HO,False,0
1486429309.000000271,0,HO,False,0
1486429309.000000309,0,HO,False,0
1486429309.000000347,0,HO,False,0
1486429309.000000387,0,HO,False,0
1486429309.000000424,0,HO,False,0
1486429309.000000463,0,HO,False,0
1486429309.000000502,0,HO,False,0
1486429309.000000539,0,HO,False,0
1486429309.000000578,0,HO,False,0
1486429309.000000617,0,HO,False,0
1486429309.000000655,0,HO,False,0
1486429309.000000695,0,HO,False,0
1486429309.000000732,0,HO,False,0
1486429309.000000773,0,HO,False,0
1486429309.000000811,0,HO,False,0
1486429309.000000849,0,HO,False,0
1486429309.000000889,0,HO,False,0
1486429309.000000925,0,HO,False,0
1486429309.000000964,0,HO,False,0
1486429310.000000001,0,HO,False,0
1486429310.000000040,0,HO,False,0
1486429310.000000079,0,HO,False,0
1486429310.000000117,0,HO,False,0
1486429310.000000156,0,HO,False,0
1486429310.000000199,0,HO,False,0
1486429310.000000237,0,HO,False,0
1486429310.000000273,0,HO,False,0
1486429310.000000311,0,HO,False,0
1486429310.000000350,0,HO,True,2
1486429310.000000389,0,HO,True,2
1486429310.000000428,0,HO,True,2
1486429310.000000465,8,HB,True,2
1486429310.000000502,8,HB,True,2
1486429310.000000542,8,HB,True,2
1486429310.000000580,7,HO,True,2
1486429310.000000618,7,HO,True,2
1486429310.000000658,7,HO,True,2
1486429310.000000699,11,HO,True,2
1486429310.000000734,11,HO,True,2
1486429310.000000775,11,HO,True,2
1486429310.000000814,17,HO,True,2
1486429310.000000850,17,HO,True,2
1486429310.000000889,17,HO,True,2
1486429310.000000928,18,HO,True,2
1486429310.000000965,18,HO,True,2
1486429311.000000007,18,HO,True,2
1486429311.000000043,18,HA,True,2
1486429311.000000082,18,HA,True,2
1486429311.000000119,18,HA,True,2
1486429311.000000170,19,HO,True,2
1486429311.000000201,19,HO,True,2
1486429311.000000234,19,HO,True,2
1486429311.000000274,0,HO,False,0
1486429311.000000315,0,HO,False,0
1486429311.000000352,0,HO,False,0
1486429311.000000391,0,HO,False,0
1486429311.000000428,0,HO,False,0
1486429311.000000469,0,HO,False,0
1486429311.000000507,0,HO,False,0
1486429311.000000549,0,HO,False,0
1486429311.000000586,0,HO,False,0
1486429311.000000623,0,HO,False,0
1486429311.000000659,0,HO,False,0
1486429311.000000703,0,HO,False,0
1486429311.000000736,0,HO,False,0
1486429311.000000775,0,HO,False,0
1486429311.000000814,0,HO,False,0
1486429311.000000853,0,HO,False,0
1486429311.000000891,0,HO,False,0
1486429311.000000930,0,HO,False,0
1486429311.000000968,0,HO,False,0
1486429312.000000008,0,HO,False,0
1486429312.000000046,0,HO,False,0
1486429312.000000084,0,HO,False,0
1486429312.000000122,0,HO,False,0
1486429312.000000161,0,HO,False,0
1486429312.000000203,0,HO,False,0
1486429312.000000237,0,HO,False,0
1486429312.000000276,0,HO,False,0
1486429312.000000315,0,HO,False,0
1486429312.000000353,0,HO,False,0
1486429312.000000392,0,HO,False,0
1486429312.000000431,0,HO,False,0
1486429312.000000469,0,HO,False,0
1486429312.000000510,0,HO,False,0
1486429312.000000547,0,HO,False,0
1486429312.000000586,0,HO,False,0
1486429312.000000623,0,HO,False,0
1486429312.000000663,0,HO,False,0
1486429312.000000701,0,HO,False,0
1486429312.000000739,0,HO,False,0
1486429312.000000778,0,HO,False,0
1486429312.000000818,0,HO,False,0
1486429312.000000854,0,HO,False,0
1486429312.000000893,0,HO,False,0
1486429312.000000931,0,HO,False,0
1486429312.000000970,0,HO,False,0
1486429313.000000010,0,HO,False,0
1486429313.000000047,0,HO,False,0
1486429313.000000086,0,HO,False,0
1486429313.000000124,0,HO,False,0
1486429313.000000170,0,HO,False,0
1486429313.000000227,0,HO,False,0
1486429313.000000319,0,HO,False,0
1486429313.000000355,0,HO,False,0
1486429313.000000394,0,HO,False,0
1486429313.000000449,0,HO,False,0
1486429313.000000498,0,HO,False,0
1486429313.000000520,0,HO,False,0
1486429313.000000546,0,HO,False,0
1486429313.000000592,0,HO,False,0
1486429313.000000629,0,HO,False,0
1486429313.000000663,0,HO,False,0
1486429313.000000702,0,HO,False,0
1486429313.000000742,0,HO,False,0
1486429313.000000779,0,HO,False,0
1486429313.000000822,0,HO,False,0
1486429313.000000854,0,HO,False,0
1486429313.000000896,0,HO,False,0
1486429313.000000932,0,HO,False,0
1486429313.000000971,0,HO,False,0
1486429314.000000012,0,HO,False,0
1486429314.000000050,0,HO,False,0
1486429314.000000087,0,HO,False,0
1486429314.000000126,0,HO,False,0
1486429314.000000165,0,HO,False,0
1486429314.000000204,0,HO,False,0
1486429314.000000242,0,HO,False,0
1486429314.000000282,0,HO,False,0
1486429314.000000321,0,HO,False,0
1486429314.000000357,0,HO,False,0
1486429314.000000396,0,HO,False,0
1486429314.000000434,0,HO,False,0
1486429314.000000474,0,HO,False,0
1486429314.000000512,0,HO,False,0
1486429314.000000550,0,HO,False,0
1486429314.000000589,0,HO,False,0
1486429314.000000628,0,HO,False,0
1486429314.000000673,0,HO,False,0
1486429314.000000705,0,HO,False,0
1486429314.000000744,0,HO,False,0
1486429314.000000783,0,HO,False,0
1486429314.000000822,0,HO,False,0
1486429314.000000859,0,HO,False,0
1486429314.000000897,0,HO,False,0
1486429314.000000936,0,HO,False,0
1486429314.000000975,0,HO,False,0
1486429315.000000012,0,HO,False,0
1486429315.000000051,0,HO,False,0
1486429315.000000090,0,HO,False,0
1486429315.000000129,0,HO,False,0
1486429315.000000167,0,HO,False,0
1486429315.000000206,0,HO,False,0
1486429315.000000243,0,HO,False,0
1486429315.000000282,0,HO,False,0
1486429315.000000325,0,HO,False,0
1486429315.000000361,0,HO,False,0
1486429315.000000398,0,HO,False,0
1486429315.000000437,0,HO,False,0
1486429315.000000476,0,HO,False,0
1486429315.000000514,0,HO,False,0
1486429315.000000552,0,HO,False,0
1486429315.000000590,0,HO,False,0
1486429315.000000630,0,HO,False,0
1486429315.000000668,0,HO,False,0
1486429315.000000708,0,HO,False,0
1486429315.000000745,0,HO,False,0
1486429315.000000784,0,HO,False,0
1486429315.000000824,0,HO,False,0
1486429315.000000862,0,HO,False,0
1486429315.000000900,0,HO,False,0
1486429315.000000938,0,HO,False,0
1486429315.000000977,0,HO,False,0
1486429316.000000014,0,HO,False,0
1486429316.000000054,0,HO,False,0
1486429316.000000092,0,HO,False,0
1486429316.000000132,0,HO,False,0
1486429316.000000175,0,HO,False,0
1486429316.000000206,0,HO,False,0
1486429316.000000249,0,HO,False,0
1486429316.000000284,0,HO,False,0
1486429316.000000324,0,HO,False,0
1486429316.000000362,0,HO,False,0
1486429316.000000400,0,HO,False,0
1486429316.000000440,0,HO,False,0
1486429316.000000478,0,HO,False,0
1486429316.000000519,0,HO,False,0
1486429316.000000574,0,HO,False,0
1486429316.000000625,0,HO,False,0
1486429316.000000647,0,HO,False,0
1486429316.000000672,0,HO,False,0
1486429316.000000711,0,HO,False,0
1486429316.000000760,0,HO,False,0
1486429316.000000863,0,HO,False,0
1486429316.000000901,0,HO,False,0
1486429316.000000940,0,HO,False,0
1486429316.000000978,0,HO,False,0
1486429317.000000017,0,HO,False,0
1486429317.000000055,0,HO,False,0
1486429317.000000094,0,HO,False,0
1486429317.000000133,0,HO,False,0
1486429317.000000172,0,HO,False,0
1486429317.000000211,0,HO,False,0
1486429317.000000248,0,HO,False,0
1486429317.000000286,0,HO,False,0
1486429317.000000326,0,HO,False,0
1486429317.000000363,0,HO,False,0
1486429317.000000402,0,HO,False,0
1486429317.000000441,0,HO,False,0
1486429317.000000479,0,HO,False,0
1486429317.000000520,0,HO,False,0
1486429317.000000557,0,HO,False,0
1486429317.000000595,0,HO,False,0
1486429317.000000635,0,HO,False,0
1486429317.000000678,0,HO,False,0
1486429317.000000709,0,HO,False,0
1486429317.000000750,0,HO,False,0
1486429317.000000789,0,HO,False,0
1486429317.000000837,0,HO,False,0
1486429317.000000869,0,HO,False,0
1486429317.000000904,0,HO,False,0
1486429317.000000944,0,HO,False,0
1486429317.000000980,0,HO,False,0
1486429318.000000019,0,HO,False,0
1486429318.000000058,0,HO,False,0
1486429318.000000096,0,HO,False,0
1486429318.000000137,0,HO,False,0
1486429318.000000173,0,HO,False,0
1486429318.000000212,0,HO,False,0
1486429318.000000249,0,HO,False,0
1486429318.000000289,0,HO,False,0
1486429318.000000329,46,HO,True,3
1486429318.000000366,46,HO,True,3
1486429318.000000405,46,HO,True,3
1486429318.000000444,25,HA,True,3
1486429318.000000482,25,HA,True,3
1486429318.000000521,25,HA,True,3
1486429318.000000559,10,HO,True,3
1486429318.000000596,10,HO,True,3
1486429318.000000636,10,HO,True,3
1486429318.000000677,9,HO,True,3
1486429318.000000714,9,HO,True,3
1486429318.000000755,9,HO,True,3
1486429318.000000790,13,HO,True,3
1486429318.000000831,13,HO,True,3
1486429318.000000867,13,HO,True,3
1486429318.000000906,16,HO,True,3
1486429318.000000944,16,HO,True,3
1486429318.000000982,16,HO,True,3
1486429319.000000022,19,HB,True,3
1486429319.000000061,19,HB,True,3
1486429319.000000098,19,HB,True,3
1486429319.000000138,0,HO,True,3
1486429319.000000181,0,HO,True,3
1486429319.000000213,0,HO,True,3
1486429319.000000251,0,HO,False,0
1486429319.000000291,0,HO,False,0
1486429319.000000332,0,HO,False,0
1486429319.000000368,0,HO,False,0
1486429319.000000407,0,HO,False,0
1486429319.000000445,0,HO,False,0
1486429319.000000483,0,HO,False,0
1486429319.000000522,0,HO,False,0
1486429319.000000561,0,HO,False,0
1486429319.000000600,0,HO,False,0
1486429319.000000637,0,HO,False,0
1486429319.000000677,0,HO,False,0
1486429319.000000715,0,HO,False,0
1486429319.000000753,0,HO,False,0
1486429319.000000792,0,HO,False,0
1486429319.000000830,0,HO,False,0
1486429319.000000868,0,HO,False,0
1486429319.000000908,0,HO,False,0
1486429319.000000947,0,HO,False,0
1486429319.000000984,0,HO,False,0
1486429320.000000023,0,HO,False,0
1486429320.000000061,0,HO,False,0
1486429320.000000100,0,HO,False,0
1486429320.000000140,0,HO,False,0
1486429320.000000178,0,HO,False,0
1486429320.000000216,0,HO,False,0
1486429320.000000254,0,HO,False,0
1486429320.000000294,0,HO,False,0
1486429320.000000333,0,HO,False,0
1486429320.000000371,0,HO,False,0
1486429320.000000409,0,HO,False,0
1486429320.000000447,0,HO,False,0
1486429320.000000487,0,HO,False,0
1486429320.000000524,0,HO,False,0
1486429320.000000563,0,HO,False,0
1486429320.000000602,0,HO,False,0
1486429320.000000639,0,HO,False,0
1486429320.000000685,0,HO,False,0
1486429320.000000717,0,HO,False,0
1486429320.000000759,0,HO,False,0
1486429320.000000796,0,HO,False,0
1486429320.000000833,0,HO,False,0
1486429320.000000870,0,HO,False,0
1486429320.000000911,0,HO,False,0
1486429320.000000949,0,HO,False,0
1486429320.000000986,0,HO,False,0
1486429321.000000033,0,HO,False,0
1486429321.000000080,0,HO,False,0
1486429321.000000111,0,HO,False,0
1486429321.000000140,0,HO,False,0
1486429321.000000178,0,HO,False,0
1486429321.000000217,0,HO,False,0
1486429321.000000255,0,HO,False,0
1486429321.000000294,0,HO,False,0
1486429321.000000334,0,HO,False,0
1486429321.000000372,0,HO,False,0
1486429321.000000412,0,HO,False,0
1486429321.000000449,0,HO,False,0
1486429321.000000487,0,HO,False,0
1486429321.000000527,0,HO,False,0
1486429321.000000564,0,HO,False,0
1486429321.000000603,0,HO,False,0
1486429321.000000656,0,HO,False,0
1486429321.000000703,0,HO,False,0
1486429321.000000752,0,HO,False,0
1486429321.000000767,0,HO,False,0
1486429321.000000811,0,HO,False,0
1486429321.000000849,0,HO,False,0
1486429321.000000894,0,HO,False,0
1486429321.000000910,0,HO,False,0
1486429321.000000950,0,HO,False,0
1486429321.000000991,0,HO,False,0
1486429322.000000027,0,HO,False,0
1486429322.000000067,0,HO,False,0
1486429322.000000104,0,HO,False,0
1486429322.000000144,0,HO,False,0
1486429322.000000188,0,HO,False,0
1486429322.000000220,0,HO,False,0
1486429322.000000258,0,HO,False,0
1486429322.000000297,0,HO,False,0
1486429322.000000335,0,HO,False,0
1486429322.000000374,0,HO,False,0
1486429322.000000413,0,HO,False,0
1486429322.000000452,0,HO,False,0
1486429322.000000490,0,HO,False,0
1486429322.000000530,0,HO,False,0
1486429322.000000567,0,HO,False,0
1486429322.000000605,0,HO,False,0
1486429322.000000644,0,HO,False,0
1486429322.000000682,0,HO,False,0
1486429322.000000721,0,HO,False,0
1486429322.000000760,0,HO,False,0
1486429322.000000798,0,HO,False,0
1486429322.000000837,0,HO,False,0
1486429322.000000875,0,HO,False,0
1486429322.000000914,0,HO,False,0
1486429322.000000952,0,HO,False,0
1486429322.000000991,0,HO,False,0
1486429323.000000029,0,HO,False,0
1486429323.000000068,0,HO,False,0
1486429323.000000106,0,HO,False,0
1486429323.000000146,0,HO,False,0
1486429323.000000183,0,HO,False,0
1486429323.000000241,0,HO,False,0
1486429323.000000351,0,HO,False,0
1486429323.000000399,0,HO,False,0
1486429323.000000432,0,HO,False,0
1486429323.000000455,0,HO,False,0
1486429323.000000491,0,HO,False,0
1486429323.000000531,0,HO,False,0
1486429323.000000569,0,HO,False,0
1486429323.000000610,0,HO,False,0
1486429323.000000646,0,HO,False,0
1486429323.000000694,0,HO,False,0
1486429323.000000726,0,HO,False,0
1486429323.000000761,0,HO,False,0
1486429323.000000805,0,HO,False,0
1486429323.000000842,0,HO,False,0
1486429323.000000878,0,HO,False,0
1486429323.000000917,0,HO,False,0
1486429323.000000954,0,HO,False,0
1486429323.000000993,0,HO,False,0
1486429324.000000031,0,HO,False,0
1486429324.000000071,0,HO,False,0
1486429324.000000109,0,HO,False,0
1486429324.000000147,0,HO,False,0
1486429324.000000186,0,HO,False,0
1486429324.000000224,0,HO,False,0
1486429324.000000264,0,HO,False,0
1486429324.000000301,0,HO,False,0
1486429324.000000341,0,HO,False,0
1486429324.000000379,0,HO,False,0
1486429324.000000417,0,HO,False,0
1486429324.000000456,0,HO,False,0
1486429324.000000494,0,HO,False,0
1486429324.000000533,0,HO,False,0
1486429324.000000572,0,HO,False,0
1486429324.000000611,0,HO,False,0
1486429324.000000648,0,HO,False,0
1486429324.000000686,0,HO,False,0
1486429324.000000726,0,HO,False,0
1486429324.000000764,0,HO,False,0
1486429324.000000802,0,HO,False,0
1486429324.000000842,0,HO,False,0
1486429324.000000880,0,HO,False,0
1486429324.000000921,0,HO,False,0
1486429324.000000956,0,HO,False,0
1486429324.000000994,0,HO,False,0
1486429325.000000034,0,HO,False,0
1486429325.000000072,0,HO,False,0
1486429325.000000111,0,HO,False,0
1486429325.000000149,0,HO,False,0
1486429325.000000194,0,HO,False,0
1486429325.000000227,0,HO,False,0
1486429325.000000266,0,HO,False,0
1486429325.000000303,0,HO,False,0
1486429325.000000343,0,HO,False,0
1486429325.000000381,0,HO,False,0
1486429325.000000421,0,HO,False,0
1486429325.000000459,0,HO,False,0
1486429325.000000496,0,HO,False,0
1486429325.000000535,0,HO,False,0
1486429325.000000573,0,HO,False,0
1486429325.000000612,0,HO,False,0
1486429325.000000650,0,HO,False,0
1486429325.000000689,0,HO,False,0
1486429325.000000729,0,HO,False,0
1486429325.000000766,0,HO,False,0
1486429325.000000805,0,HO,False,0
1486429325.000000844,0,HO,False,0
1486429325.000000881,0,HO,False,0
1486429325.000000921,0,HO,False,0
1486429325.000000959,0,HO,False,0
1486429325.000000997,0,HO,False,0
1486429326.000000035,0,HO,False,0
1486429326.000000075,25,HB,True,4
1486429326.000000113,25,HB,True,4
1486429326.000000152,25,HB,True,4
1486429326.000000189,11,HB,True,4
1486429326.000000233,11,HB,True,4
1486429326.000000266,11,HB,True,4
1486429326.000000306,9,HO,True,4
1486429326.000000344,9,HO,True,4
1486429326.000000383,9,HO,True,4
1486429326.000000423,8,HO,True,4
1486429326.000000460,8,HO,True,4
1486429326.000000497,8,HO,True,4
1486429326.000000538,10,HO,True,4
1486429326.000000576,10,HO,True,4
1486429326.000000613,10,HO,True,4
1486429326.000000653,14,HA,True,4
1486429326.000000698,14,HA,True,4
1486429326.000000730,14,HA,True,4
1486429326.000000769,20,HA,True,4
1486429326.000000806,20,HA,True,4
1486429326.000000845,20,HA,True,4
1486429326.000000884,0,HO,False,0
1486429326.000000924,0,HO,False,0
1486429326.000000961,0,HO,False,0
1486429326.000000999,0,HO,False,0
1486429327.000000038,0,HO,False,0
1486429327.000000077,0,HO,False,0
1486429327.000000117,0,HO,False,0
1486429327.000000154,0,HO,False,0
1486429327.000000192,0,HO,False,0
1486429327.000000232,0,HO,False,0
1486429327.000000268,0,HO,False,0
1486429327.000000309,0,HO,False,0
1486429327.000000346,0,HO,False,0
1486429327.000000385,0,HO,False,0
1486429327.000000425,0,HO,False,0
1486429327.000000461,0,HO,False,0
1486429327.000000508,0,HO,False,0
1486429327.000000541,0,HO,False,0
1486429327.000000579,0,HO,False,0
1486429327.000000620,0,HO,False,0
1486429327.000000654,0,HO,False,0
1486429327.000000693,0,HO,False,0
1486429327.000000731,0,HO,False,0
1486429327.000000771,0,HO,False,0
1486429327.000000810,0,HO,False,0
1486429327.000000845,0,HO,False,0
1486429327.000000886,0,HO,False,0
1486429327.000000927,0,HO,False,0
1486429327.000000963,0,HO,False,0
1486429328.000000002,0,HO,False,0
1486429328.000000041,0,HO,False,0
1486429328.000000079,0,HO,False,0
1486429328.000000118,0,HO,False,0
1486429328.000000157,0,HO,False,0
1486429328.000000200,0,HO,False,0
1486429328.000000233,0,HO,False,0
1486429328.000000270,0,HO,False,0
1486429328.000000310,0,HO,False,0
1486429328.000000382,0,HO,False,0
1486429328.000000465,0,HO,False,0
1486429328.000000514,0,HO,False,0
1486429328.000000619,0,HO,False,0
1486429328.000000656,0,HO,False,0
1486429328.000000695,0,HO,False,0
1486429328.000000736,0,HO,False,0
1486429328.000000784,0,HO,False,0
1486429328.000000822,0,HO,False,0
1486429328.000000855,0,HO,False,0
1486429328.000000890,0,HO,False,0
1486429328.000000930,0,HO,False,0
1486429328.000000969,0,HO,False,0
1486429329.000000006,0,HO,False,0
1486429329.000000042,0,HO,False,0
1486429329.000000081,0,HO,False,0
1486429329.000000119,0,HO,False,0
1486429329.000000158,0,HO,False,0
1486429329.000000195,0,HO,False,0
1486429329.000000239,0,HO,False,0
1486429329.000000272,0,HO,False,0
1486429329.000000312,0,HO,False,0
1486429329.000000350,0,HO,False,0
1486429329.000000389,0,HO,False,0
1486429329.000000427,0,HO,False,0
1486429329.000000465,0,HO,False,0
1486429329.000000504,0,HO,False,0
1486429329.000000545,0,HO,False,0
1486429329.000000582,0,HO,False,0
1486429329.000000620,0,HO,False,0
1486429329.000000660,0,HO,False,0
1486429329.000000702,0,HO,False,0
1486429329.000000736,0,HO,False,0
1486429329.000000775,0,HO,False,0
1486429329.000000813,0,HO,False,0
1486429329.000000852,0,HO,False,0
1486429329.000000891,0,HO,False,0
1486429330.000000005,0,HO,False,0
1486429330.000000046,0,HO,False,0
1486429330.000000084,0,HO,False,0
1486429330.000000147,0,HO,False,0
1486429330.000000184,0,HO,False,0
1486429330.000000206,0,HO,False,0
1486429330.000000391,0,HO,False,0
1486429330.000000431,0,HO,False,0
1486429330.000000468,0,HO,False,0
1486429330.000000505,0,HO,False,0
1486429330.000000547,0,HO,False,0
1486429330.000000583,0,HO,False,0
1486429330.000000623,0,HO,False,0
1486429330.000000662,0,HO,False,0
1486429330.000000700,0,HO,False,0
1486429330.000000741,0,HO,False,0
1486429330.000000778,0,HO,False,0
1486429330.000000815,0,HO,False,0
1486429330.000000855,0,HO,False,0
1486429330.000000893,0,HO,False,0
1486429330.000000931,0,HO,False,0
1486429330.000000969,0,HO,False,0
1486429331.000000007,0,HO,False,0
1486429331.000000048,0,HO,False,0
1486429331.000000085,0,HO,False,0
1486429331.000000124,0,HO,False,0
1486429331.000000162,0,HO,False,0
1486429331.000000204,0,HO,False,0
1486429331.000000240,0,HO,False,0
1486429331.000000278,0,HO,False,0
1486429331.000000317,0,HO,False,0
1486429331.000000356,0,HO,False,0
1486429331.000000394,20,HA,True,5
1486429331.000000432,20,HA,True,5
1486429331.000000471,20,HA,True,5
1486429331.000000509,10,HO,True,5
1486429331.000000550,10,HO,True,5
1486429331.000000585,10,HO,True,5
1486429331.000000624,13,HO,True,5
1486429331.000000666,13,HO,True,5
1486429331.000000703,13,HO,True,5
1486429331.000000740,13,HO,True,5
1486429331.000000780,13,HO,True,5
1486429331.000000816,13,HO,True,5
1486429331.000000858,11,HO,True,5
1486429331.000000894,11,HO,True,5
1486429331.000000933,11,HO,True,5
1486429331.000000971,14,HB,True,5
1486429332.000000010,14,HB,True,5
1486429332.000000049,14,HB,True,5
1486429332.000000087,0,HO,True,5
1486429332.000000126,0,HO,True,5
1486429332.000000166,0,HO,True,5
1486429332.000000202,0,HO,False,0
1486429332.000000242,0,HO,False,0
1486429332.000000280,0,HO,False,0
1486429332.000000319,0,HO,False,0
1486429332.000000358,0,HO,False,0
1486429332.000000394,0,HO,False,0
1486429332.000000434,0,HO,False,0
1486429332.000000474,0,HO,False,0
1486429332.000000511,0,HO,False,0
1486429332.000000549,0,HO,False,0
1486429332.000000588,0,HO,False,0
1486429332.000000627,0,HO,False,0
1486429332.000000667,0,HO,False,0
1486429332.000000707,0,HO,False,0
1486429332.000000743,0,HO,False,0
1486429332.000000781,0,HO,False,0
1486429332.000000820,0,HO,False,0
1486429332.000000860,0,HO,False,0
1486429332.000000897,0,HO,False,0
1486429332.000000935,0,HO,False,0
1486429332.000000973,0,HO,False,0
1486429333.000000012,0,HO,False,0
1486429333.000000051,0,HO,False,0
1486429333.000000090,0,HO,False,0
1486429333.000000127,0,HO,False,0
1486429333.000000169,0,HO,False,0
1486429333.000000204,0,HO,False,0
1486429333.000000243,0,HO,False,0
1486429333.000000282,0,HO,False,0
1486429333.000000321,0,HO,False,0
1486429333.000000359,0,HO,False,0
1486429333.000000397,0,HO,False,0
1486429333.000000435,0,HO,False,0
1486429333.000000477,0,HO,False,0
1486429333.000000512,0,HO,False,0
1486429333.000000552,0,HO,False,0
1486429333.000000589,0,HO,False,0
1486429333.000000630,0,HO,False,0
1486429333.000000674,0,HO,False,0
1486429333.000000705,0,HO,False,0
1486429333.000000744,0,HO,False,0
1486429333.000000784,0,HO,False,0
1486429333.000000821,0,HO,False,0
1486429333.000000861,0,HO,False,0
1486429333.000000898,0,HO,False,0
1486429333.000000937,0,HO,False,0
1486429333.000000978,0,HO,False,0
1486429334.000000013,0,HO,False,0
1486429334.000000052,0,HO,False,0
1486429334.000000118,0,HO,False,0
1486429334.000000214,0,HO,False,0
1486429334.000000325,0,HO,False,0
1486429334.000000360,0,HO,False,0
1486429334.000000400,0,HO,False,0
1486429334.000000439,0,HO,False,0
1486429334.000000479,0,HO,False,0
1486429334.000000516,0,HO,False,0
1486429334.000000553,0,HO,False,0
1486429334.000000593,0,HO,False,0
1486429334.000000631,0,HO,False,0
1486429334.000000669,0,HO,False,0
1486429334.000000708,0,HO,False,0
1486429334.000000745,0,HO,False,0
1486429334.000000786,0,HO,False,0
1486429334.000000824,0,HO,False,0
1486429334.000000861,0,HO,False,0
1486429334.000000901,0,HO,False,0
1486429334.000000939,0,HO,False,0
1486429334.000000982,0,HO,False,0
1486429335.000000017,0,HO,False,0
1486429335.000000055,0,HO,False,0
1486429335.000000094,0,HO,False,0
1486429335.000000132,0,HO,False,0
1486429335.000000171,0,HO,False,0
1486429335.000000209,0,HO,False,0
1486429335.000000246,0,HO,False,0
1486429335.000000306,0,HO,False,0
1486429335.000000401,0,HO,False,0
1486429335.000000441,0,HO,False,0
1486429335.000000488,0,HO,False,0
1486429335.000000543,0,HO,False,0
1486429335.000000633,0,HO,False,0
1486429335.000000671,0,HO,False,0
1486429335.000000712,0,HO,False,0
1486429335.000000747,0,HO,False,0
1486429335.000000789,0,HO,False,0
1486429335.000000826,0,HO,False,0
1486429335.000000864,0,HO,False,0
1486429335.000000903,0,HO,False,0
1486429335.000000941,0,HO,False,0
1486429336.000000005,0,HO,False,0
1486429336.000000173,0,HO,False,0
1486429336.000000214,0,HO,False,0
1486429336.000000250,0,HO,False,0
1486429336.000000290,0,HO,False,0
1486429336.000000328,0,HO,False,0
1486429336.000000366,0,HO,False,0
1486429336.000000404,0,HO,False,0
1486429336.000000442,0,HO,False,0
1486429336.000000480,0,HO,False,0
1486429336.000000521,0,HO,False,0
1486429336.000000558,0,HO,False,0
1486429336.000000600,0,HO,False,0
1486429336.000000640,0,HO,False,0
1486429336.000000676,0,HO,False,0
1486429336.000000711,0,HO,False,0
1486429336.000000750,0,HO,False,0
1486429336.000000791,0,HO,False,0
1486429336.000000827,0,HO,False,0
1486429336.000000867,0,HO,False,0
1486429336.000000906,0,HO,False,0
1486429336.000000943,0,HO,False,0
1486429336.000000982,0,HO,False,0
1486429337.000000021,0,HO,False,0
1486429337.000000059,0,HO,False,0
1486429337.000000101,0,HO,False,0
1486429337.000000135,0,HO,False,0
1486429337.000000175,23,HB,True,6
1486429337.000000215,23,HB,True,6
1486429337.000000251,23,HB,True,6
1486429337.000000291,8,HB,True,6
1486429337.000000328,8,HB,True,6
1486429337.000000367,8,HB,True,6
1486429337.000000409,12,HO,True,6
1486429337.000000445,12,HO,True,6
1486429337.000000482,12,HO,True,6
1486429337.000000521,13,HO,True,6
1486429337.000000560,13,HO,True,6
1486429337.000000601,13,HO,True,6
1486429337.000000638,13,HO,True,6
1486429337.000000690,13,HO,True,6
1486429337.000000725,13,HO,True,6
1486429337.000000750,16,HA,True,6
1486429337.000000793,16,HA,True,6
1486429337.000000829,16,HA,True,6
1486429337.000000868,0,HO,True,6
1486429337.000000909,0,HO,True,6
1486429337.000000945,0,HO,True,6
1486429337.000000983,0,HO,False,0
1486429338.000000031,0,HO,False,0
1486429338.000000070,0,HO,False,0
1486429338.000000122,0,HO,False,0
1486429338.000000141,0,HO,False,0
1486429338.000000175,0,HO,False,0
1486429338.000000221,0,HO,False,0
1486429338.000000252,0,HO,False,0
1486429338.000000295,0,HO,False,0
1486429338.000000334,0,HO,False,0
1486429338.000000369,0,HO,False,0
1486429338.000000410,0,HO,False,0
1486429338.000000447,0,HO,False,0
1486429338.000000485,0,HO,False,0
1486429338.000000524,0,HO,False,0
1486429338.000000562,0,HO,False,0
1486429338.000000600,0,HO,False,0
1486429338.000000640,0,HO,False,0
1486429338.000000679,0,HO,False,0
1486429338.000000871,0,HO,False,0
1486429338.000000912,0,HO,False,0
1486429338.000000947,0,HO,False,0
1486429338.000000986,0,HO,False,0
1486429339.000000025,0,HO,False,0
1486429339.000000065,0,HO,False,0
1486429339.000000101,0,HO,False,0
1486429339.000000140,0,HO,False,0
1486429339.000000178,0,HO,False,0
1486429339.000000221,0,HO,False,0
1486429339.000000255,0,HO,False,0
1486429339.000000295,0,HO,False,0
1486429339.000000333,0,HO,False,0
1486429339.000000387,0,HO,False,0
1486429339.000000579,0,HO,False,0
1486429339.000000640,0,HO,False,0
1486429339.000000659,0,HO,False,0
1486429339.000000678,0,HO,False,0
1486429339.000000721,0,HO,False,0
1486429339.000000761,0,HO,False,0
1486429339.000000796,0,HO,False,0
1486429339.000000833,0,HO,False,0
1486429339.000000872,0,HO,False,0
1486429339.000000911,0,HO,False,0
1486429339.000000950,0,HO,False,0
1486429339.000000988,0,HO,False,0
1486429340.000000028,0,HO,False,0
1486429340.000000065,0,HO,False,0
1486429340.000000104,0,HO,False,0
1486429340.000000143,0,HO,False,0
1486429340.000000181,0,HO,False,0
1486429340.000000223,0,HO,False,0
1486429340.000000259,0,HO,False,0
1486429340.000000297,0,HO,False,0
1486429340.000000336,0,HO,False,0
1486429340.000000374,0,HO,False,0
1486429340.000000412,0,HO,False,0
1486429340.000000451,0,HO,False,0
1486429340.000000489,0,HO,False,0
1486429340.000000545,0,HO,False,0
1486429340.000000643,0,HO,False,0
1486429340.000000682,0,HO,False,0
1486429340.000000745,0,HO,False,0
1486429340.000000780,0,HO,False,0
1486429340.000000801,0,HO,False,0
1486429340.000000839,0,HO,False,0
1486429340.000000877,0,HO,False,0
1486429340.000000914,0,HO,False,0
1486429340.000000952,0,HO,False,0
1486429340.000000990,0,HO,False,0
1486429341.000000030,0,HO,False,0
1486429341.000000068,0,HO,False,0
1486429341.000000105,0,HO,False,0
1486429341.000000144,0,HO,False,0
1486429341.000000184,0,HO,False,0
1486429341.000000234,0,HO,False,0
1486429341.000000265,0,HO,False,0
1486429341.000000299,0,HO,False,0
1486429341.000000343,0,HO,False,0
1486429341.000000376,0,HO,False,0
1486429341.000000414,0,HO,False,0
1486429341.000000453,0,HO,False,0
1486429341.000000491,0,HO,False,0
1486429341.000000532,0,HO,False,0
1486429341.000000568,0,HO,False,0
1486429341.000000607,0,HO,False,0
1486429341.000000646,0,HO,False,0
1486429341.000000684,0,HO,False,0
1486429341.000000723,0,HO,False,0
1486429341.000000761,0,HO,False,0
1486429341.000000800,30,HA,True,7
1486429341.000000841,30,HA,True,7
1486429341.000000877,30,HA,True,7
1486429341.000000917,11,HA,True,7
1486429341.000000953,11,HA,True,7
1486429341.000000992,11,HA,True,7
1486429342.000000031,13,HO,True,7
1486429342.000000070,13,HO,True,7
1486429342.000000110,13,HO,True,7
1486429342.000000148,14,HO,True,7
1486429342.000000186,14,HO,True,7
1486429342.000000225,14,HO,True,7
1486429342.000000262,14,HO,True,7
1486429342.000000302,14,HO,True,7
1486429342.000000343,14,HO,True,7
1486429342.000000377,13,HB,True,7
1486429342.000000416,13,HB,True,7
1486429342.000000454,13,HB,True,7
1486429342.000000494,15,HB,True,7
1486429342.000000534,15,HB,True,7
1486429342.000000570,15,HB,True,7
1486429342.000000610,0,HO,False,0
1486429342.000000649,0,HO,False,0
1486429342.000000685,0,HO,False,0
1486429342.000000725,0,HO,False,0
1486429342.000000765,0,HO,False,0
1486429342.000000803,0,HO,False,0
1486429342.000000843,0,HO,False,0
1486429342.000000879,0,HO,False,0
1486429342.000000918,0,HO,False,0
1486429342.000000956,0,HO,False,0
1486429342.000001000,0,HO,False,0
1486429343.000000033,0,HO,False,0
1486429343.000000071,0,HO,False,0
1486429343.000000111,0,HO,False,0
1486429343.000000151,0,HO,False,0
1486429343.000000187,0,HO,False,0
1486429343.000000228,0,HO,False,0
1486429343.000000264,0,HO,False,0
1486429343.000000303,0,HO,False,0
1486429343.000000344,0,HO,False,0
1486429343.000000380,0,HO,False,0
1486429343.000000419,0,HO,False,0
1486429343.000000458,0,HO,False,0
1486429343.000000496,0,HO,False,0
1486429343.000000534,0,HO,False,0
1486429343.000000574,0,HO,False,0
1486429343.000000611,0,HO,False,0
1486429343.000000652,0,HO,False,0
1486429343.000000687,0,HO,False,0
1486429343.000000728,0,HO,False,0
1486429343.000000765,0,HO,False,0
1486429343.000000803,0,HO,False,0
1486429343.000000842,0,HO,False,0
1486429343.000000881,0,HO,False,0
1486429343.000000918,0,HO,False,0
1486429343.000000961,0,HO,False,0
1486429343.000000996,0,HO,False,0
1486429344.000000035,0,HO,False,0
1486429344.000000074,0,HO,False,0
1486429344.000000112,0,HO,False,0
1486429344.000000151,0,HO,False,0
1486429344.000000189,0,HO,False,0
1486429344.000000227,0,HO,False,0
1486429344.000000267,0,HO,False,0
1486429344.000000306,0,HO,False,0
1486429344.000000367,0,HO,False,0
1486429344.000000468,0,HO,False,0
1486429344.000000511,0,HO,False,0
1486429344.000000548,0,HO,False,0
1486429344.000000578,0,HO,False,0
1486429344.000000614,0,HO,False,0
1486429344.000000659,0,HO,False,0
1486429344.000000693,0,HO,False,0
1486429344.000000732,0,HO,False,0
1486429344.000000771,0,HO,False,0
1486429344.000000806,0,HO,False,0
1486429344.000000845,0,HO,False,0
1486429344.000000883,0,HO,False,0
1486429344.000000923,0,HO,False,0
1486429344.000000962,0,HO,False,0
1486429344.000000998,0,HO,False,0
1486429345.000000037,0,HO,False,0
1486429345.000000076,0,HO,False,0
1486429345.000000115,0,HO,False,0
1486429345.000000152,0,HO,False,0
1486429345.000000193,0,HO,False,0
1486429345.000000230,0,HO,False,0
1486429345.000000271,0,HO,False,0
1486429345.000000306,0,HO,False,0
1486429345.000000346,0,HO,False,0
1486429345.000000384,0,HO,False,0
1486429345.000000423,0,HO,False,0
1486429345.000000463,0,HO,False,0
1486429345.000000501,0,HO,False,0
1486429345.000000537,0,HO,False,0
1486429345.000000577,0,HO,False,0
1486429345.000000615,0,HO,False,0
1486429345.000000655,0,HO,False,0
1486429345.000000693,0,HO,False,0
1486429345.000000731,0,HO,False,0
1486429345.000000772,0,HO,False,0
1486429345.000000808,0,HO,False,0
1486429345.000000846,0,HO,False,0
1486429345.000000885,0,HO,False,0
1486429345.000000924,0,HO,False,0
1486429345.000000964,0,HO,False,0
1486429345.000000999,0,HO,False,0
1486429346.000000040,0,HO,False,0
1486429346.000000079,0,HO,False,0
1486429346.000000116,0,HO,False,0
1486429346.000000155,0,HO,False,0
1486429346.000000194,0,HO,False,0
1486429346.000000232,0,HO,False,0
1486429346.000000272,0,HO,False,0
1486429346.000000326,0,HO,False,0
1486429346.000000425,0,HO,False,0
1486429346.000000463,0,HO,False,0
1486429346.000000503,0,HO,False,0
1486429346.000000556,0,HO,False,0
1486429346.000000656,0,HO,False,0
1486429346.000000695,0,HO,False,0
1486429346.000000734,0,HO,False,0
1486429346.000000774,0,HO,False,0
1486429346.000000811,0,HO,False,0
1486429346.000000849,0,HO,False,0
1486429346.000000887,0,HO,False,0
1486429346.000000926,0,HO,False,0
1486429346.000000964,0,HO,False,0
1486429347.000000003,0,HO,False,0
1486429347.000000041,0,HO,False,0
1486429347.000000082,0,HO,False,0
1486429347.000000118,0,HO,False,0
1486429347.000000157,0,HO,False,0
1486429347.000000195,0,HO,False,0
1486429347.000000233,0,HO,False,0
1486429347.000000275,0,HO,False,0
1486429347.000000311,0,HO,False,0
1486429347.000000350,0,HO,False,0
1486429347.000000388,0,HO,False,0
1486429347.000000428,0,HO,False,0
1486429347.000000466,0,HO,False,0
1486429347.000000504,0,HO,False,0
1486429347.000000544,0,HO,False,0
1486429347.000000582,0,HO,False,0
1486429347.000000620,0,HO,False,0
1486429347.000000660,0,HO,False,0
1486429347.000000695,0,HO,False,0
1486429347.000000735,0,HO,False,0
1486429347.000000775,0,HO,False,0
1486429347.000000814,0,HO,False,0
1486429347.000000851,0,HO,False,0
1486429347.000000890,0,HO,False,0
1486429347.000000930,0,HO,False,0
1486429347.000000969,0,HO,False,0
1486429348.000000007,0,HO,False,0
1486429348.000000043,0,HO,False,0
1486429348.000000084,0,HO,False,0
1486429348.000000120,0,HO,False,0
1486429348.000000160,0,HO,False,0
1486429348.000000196,0,HO,False,0
1486429348.000000236,0,HO,False,0
1486429348.000000275,20,HB,True,8
1486429348.000000313,20,HB,True,8
1486429348.000000353,20,HB,True,8
1486429348.000000392,7,HO,True,8
1486429348.000000429,7,HO,True,8
1486429348.000000468,7,HO,True,8
1486429348.000000505,12,HO,True,8
1486429348.000000545,12,HO,True,8
1486429348.000000585,12,HO,True,8
1486429348.000000622,16,HO,True,8
1486429348.000000662,16,HO,True,8
1486429348.000000699,16,HO,True,8
1486429348.000000741,18,HA,True,8
1486429348.000000787,18,HA,True,8
1486429348.000000817,18,HA,True,8
1486429348.000000852,17,HA,True,8
1486429348.000000901,17,HA,True,8
1486429348.000000935,17,HA,True,8
1486429348.000000967,0,HO,False,0
1486429349.000000006,0,HO,False,0
1486429349.000000045,0,HO,False,0
1486429349.000000086,0,HO,False,0
1486429349.000000122,0,HO,False,0
1486429349.000000161,0,HO,False,0
1486429349.000000199,0,HO,False,0
1486429349.000000238,0,HO,False,0
1486429349.000000277,0,HO,False,0
1486429349.000000315,0,HO,False,0
1486429349.000000354,0,HO,False,0
1486429349.000000394,0,HO,False,0
1486429349.000000431,0,HO,False,0
1486429349.000000469,0,HO,False,0
1486429349.000000510,0,HO,False,0
1486429349.000000546,0,HO,False,0
1486429349.000000588,0,HO,False,0
1486429349.000000625,0,HO,False,0
1486429349.000000663,0,HO,False,0
1486429349.000000701,0,HO,False,0
1486429349.000000739,0,HO,False,0
1486429349.000000777,0,HO,False,0
1486429349.000000817,0,HO,False,0
1486429349.000000854,0,HO,False,0
1486429349.000000895,0,HO,False,0
1486429349.000000932,0,HO,False,0
1486429349.000000971,0,HO,False,0
1486429350.000000010,0,HO,False,0
1486429350.000000047,0,HO,False,0
1486429350.000000088,0,HO,False,0
1486429350.000000125,0,HO,False,0
1486429350.000000164,0,HO,False,0
1486429350.000000202,0,HO,False,0
1486429350.000000242,0,HO,False,0
1486429350.000000279,0,HO,False,0
1486429350.000000318,0,HO,False,0
1486429350.000000357,0,HO,False,0
1486429350.000000397,0,HO,False,0
1486429350.000000434,0,HO,False,0
1486429350.000000472,0,HO,False,0
1486429350.000000509,0,HO,False,0
1486429350.000000573,0,HO,False,0
1486429350.000000664,0,HO,False,0
1486429350.000000722,0,HO,False,0
1486429350.000000770,0,HO,False,0
1486429350.000000934,0,HO,False,0
1486429350.000000973,0,HO,False,0
1486429351.000000012,0,HO,False,0
1486429351.000000050,0,HO,False,0
1486429351.000000089,0,HO,False,0
1486429351.000000126,0,HO,False,0
1486429351.000000166,0,HO,False,0
1486429351.000000205,0,HO,False,0
1486429351.000000243,0,HO,False,0
1486429351.000000280,0,HO,False,0
1486429351.000000320,0,HO,False,0
1486429351.000000357,0,HO,False,0
1486429351.000000399,0,HO,False,0
1486429351.000000436,0,HO,False,0
1486429351.000000473,0,HO,False,0
1486429351.000000512,0,HO,False,0
1486429351.000000550,0,HO,False,0
1486429351.000000590,0,HO,False,0
1486429351.000000628,0,HO,False,0
1486429351.000000666,0,HO,False,0
1486429351.000000706,0,HO,False,0
1486429351.000000742,0,HO,False,0
1486429351.000000783,0,HO,False,0
1486429351.000000821,0,HO,False,0
1486429351.000000859,0,HO,False,0
1486429351.000000898,0,HO,False,0
1486429351.000000936,0,HO,False,0
1486429351.000000975,0,HO,False,0
1486429352.000000015,0,HO,False,0
1486429352.000000052,0,HO,False,0
1486429352.000000091,0,HO,False,0
1486429352.000000128,0,HO,False,0
1486429352.000000167,0,HO,False,0
1486429352.000000206,0,HO,False,0
1486429352.000000246,0,HO,False,0
1486429352.000000283,0,HO,False,0
1486429352.000000322,0,HO,False,0
1486429352.000000360,0,HO,False,0
1486429352.000000400,0,HO,False,0
1486429352.000000438,0,HO,False,0
1486429352.000000475,0,HO,False,0
1486429352.000000516,0,HO,False,0
1486429352.000000553,0,HO,False,0
1486429352.000000591,0,HO,False,0
1486429352.000000630,0,HO,False,0
1486429352.000000668,0,HO,False,0
1486429352.000000709,0,HO,False,0
1486429352.000000747,0,HO,False,0
1486429352.000000783,0,HO,False,0
1486429352.000000822,0,HO,False,0
1486429352.000000862,0,HO,False,0
1486429352.000000899,0,HO,False,0
1486429352.000000956,0,HO,False,0
1486429353.000000004,0,HO,False,0
1486429353.000000034,0,HO,False,0
1486429353.000000062,0,HO,False,0
1486429353.000000124,0,HO,False,0
1486429353.000000159,0,HO,False,0
1486429353.000000184,0,HO,False,0
1486429353.000000210,0,HO,False,0
1486429353.000000250,0,HO,False,0
1486429353.000000284,0,HO,False,0
1486429353.000000327,0,HO,False,0
1486429353.000000363,0,HO,False,0
1486429353.000000400,0,HO,False,0
1486429353.000000441,0,HO,False,0
1486429353.000000477,0,HO,False,0
1486429353.000000519,0,HO,False,0
1486429353.000000555,0,HO,False,0
1486429353.000000593,0,HO,False,0
1486429353.000000631,0,HO,False,0
1486429353.000000670,0,HO,False,0
1486429353.000000709,0,HO,False,0
1486429353.000000749,0,HO,False,0
1486429353.000000786,0,HO,False,0
1486429353.000000826,0,HO,False,0
1486429353.000000866,0,HO,False,0
1486429353.000000902,0,HO,False,0
1486429353.000000940,0,HO,False,0
1486429353.000000978,0,HO,False,0
1486429354.000000020,0,HO,False,0
1486429354.000000056,0,HO,False,0
1486429354.000000094,0,HO,False,0
1486429354.000000134,0,HO,False,0
1486429354.000000172,41,HA,True,9
1486429354.000000210,41,HA,True,9
1486429354.000000247,41,HA,True,9
1486429354.000000287,9,HA,True,9
1486429354.000000330,9,HA,True,9
1486429354.000000363,9,HA,True,9
1486429354.000000402,8,HO,True,9
1486429354.000000442,8,HO,True,9
1486429354.000000479,8,HO,True,9
1486429354.000000521,12,HO,True,9
1486429354.000000557,12,HO,True,9
1486429354.000000595,12,HO,True,9
1486429354.000000634,14,HO,True,9
1486429354.000000673,14,HO,True,9
1486429354.000000711,14,HO,True,9
1486429354.000000750,15,HB,True,9
1486429354.000000788,15,HB,True,9
1486429354.000000829,15,HB,True,9
1486429354.000000866,15,HB,True,9
1486429354.000000903,15,HB,True,9
1486429354.000000943,15,HB,True,9
1486429354.000000981,0,HO,False,0
1486429355.000000020,0,HO,False,0
1486429355.000000059,0,HO,False,0
1486429355.000000097,0,HO,False,0
1486429355.000000137,0,HO,False,0
1486429355.000000174,0,HO,False,0
1486429355.000000213,0,HO,False,0
1486429355.000000255,0,HO,False,0
1486429355.000000289,0,HO,False,0
1486429355.000000329,0,HO,False,0
1486429355.000000366,0,HO,False,0
1486429355.000000405,0,HO,False,0
1486429355.000000444,0,HO,False,0
1486429355.000000482,0,HO,False,0
1486429355.000000520,0,HO,False,0
1486429355.000000558,0,HO,False,0
1486429355.000000598,0,HO,False,0
1486429355.000000638,0,HO,False,0
1486429355.000000674,0,HO,False,0
1486429355.000000713,0,HO,False,0
1486429355.000000752,0,HO,False,0
1486429355.000000791,0,HO,False,0
1486429355.000000831,0,HO,False,0
1486429355.000000868,0,HO,False,0
1486429355.000000906,0,HO,False,0
1486429355.000000943,0,HO,False,0
1486429355.000000983,0,HO,False,0
1486429356.000000021,0,HO,False,0
1486429356.000000060,0,HO,False,0
1486429356.000000101,0,HO,False,0
1486429356.000000138,0,HO,False,0
1486429356.000000175,0,HO,False,0
1486429356.000000214,0,HO,False,0
1486429356.000000252,0,HO,False,0
1486429356.000000292,0,HO,False,0
1486429356.000000333,0,HO,False,0
1486429356.000000369,0,HO,False,0
1486429356.000000408,0,HO,False,0
1486429356.000000602,0,HO,False,0
1486429356.000000639,0,HO,False,0
1486429356.000000676,0,HO,False,0
1486429356.000000715,0,HO,False,0
1486429356.000000756,0,HO,False,0
1486429356.000000793,0,HO,False,0
1486429356.000000833,0,HO,False,0
1486429356.000000870,0,HO,False,0
1486429356.000000909,0,HO,False,0
1486429356.000000946,0,HO,False,0
1486429356.000000985,0,HO,False,0
1486429357.000000024,0,HO,False,0
1486429357.000000062,0,HO,False,0
1486429357.000000127,0,HO,False,0
1486429357.000000216,0,HO,False,0
1486429357.000000269,0,HO,False,0
1486429357.000000326,0,HO,False,0
1486429357.000000357,0,HO,False,0
1486429357.000000379,0,HO,False,0
1486429357.000000409,0,HO,False,0
1486429357.000000451,0,HO,False,0
1486429357.000000486,0,HO,False,0
1486429357.000000525,0,HO,False,0
1486429357.000000563,0,HO,False,0
1486429357.000000602,0,HO,False,0
1486429357.000000642,0,HO,False,0
1486429357.000000680,0,HO,False,0
1486429357.000000717,0,HO,False,0
1486429357.000000755,0,HO,False,0
1486429357.000000795,0,HO,False,0
1486429357.000000833,0,HO,False,0
1486429357.000000870,0,HO,False,0
1486429357.000000910,0,HO,False,0
1486429357.000000951,0,HO,False,0
1486429357.000000987,0,HO,False,0
1486429358.000000026,0,HO,False,0
1486429358.000000062,0,HO,False,0
1486429358.000000103,0,HO,False,0
1486429358.000000142,0,HO,False,0
1486429358.000000180,0,HO,False,0
1486429358.000000218,0,HO,False,0
1486429358.000000260,0,HO,False,0
1486429358.000000295,0,HO,False,0
1486429358.000000334,0,HO,False,0
1486429358.000000372,0,HO,False,0
1486429358.000000411,0,HO,False,0
1486429358.000000453,0,HO,False,0
1486429358.000000489,0,HO,False,0
1486429358.000000527,0,HO,False,0
1486429358.000000566,0,HO,False,0
1486429358.000000604,0,HO,False,0
1486429358.000000642,0,HO,False,0
1486429358.000000683,0,HO,False,0
1486429358.000000807,0,HO,False,0
1486429358.000000858,0,HO,False,0
1486429358.000000880,0,HO,False,0
1486429358.000000916,0,HO,False,0
1486429358.000000979,0,HO,False,0
1486429359.000000068,0,HO,False,0
1486429359.000000106,0,HO,False,0
1486429359.000000143,0,HO,False,0
1486429359.000000183,0,HO,False,0
1486429359.000000221,0,HO,False,0
1486429359.000000260,0,HO,False,0
1486429359.000000298,0,HO,False,0
1486429359.000000336,0,HO,False,0
1486429359.000000374,0,HO,False,0
1486429359.000000413,0,HO,False,0
1486429359.000000452,0,HO,False,0
1486429359.000000491,0,HO,False,0
1486429359.000000529,0,HO,False,0
1486429359.000000569,0,HO,False,0
1486429359.000000605,0,HO,False,0
1486429359.000000644,0,HO,False,0
1486429359.000000683,0,HO,False,0
1486429359.000000722,0,HO,False,0
1486429359.000000760,0,HO,False,0
1486429359.000000798,0,HO,False,0
1486429359.000000837,0,HO,False,0
1486429359.000000876,0,HO,False,0
1486429359.000000915,0,HO,False,0
1486429359.000000952,0,HO,False,0
1486429359.000000992,0,HO,False,0
1486429360.000000031,0,HO,False,0
1486429360.000000072,0,HO,False,0
1486429360.000000108,0,HO,False,0
1486429360.000000145,0,HO,False,0
1486429360.000000185,0,HO,False,0
1486429360.000000223,0,HO,False,0
1486429360.000000263,0,HO,False,0
1486429360.000000300,0,HO,False,0
1486429360.000000338,0,HO,False,0
1486429360.000000376,0,HO,False,0
1486429360.000000416,0,HO,False,0
1486429360.000000454,0,HO,False,0
1486429360.000000492,0,HO,False,0
1486429360.000000531,0,HO,False,0
1486429360.000000571,0,HO,False,0
1486429360.000000609,0,HO,False,0
1486429360.000000647,0,HO,False,0
1486429360.000000684,0,HO,False,0
1486429360.000000725,0,HO,False,0
1486429360.000000762,0,HO,False,0
1486429360.000000800,0,HO,False,0
1486429360.000000839,0,HO,False,0
1486429360.000000879,34,HB,True,10
1486429360.000000917,34,HB,True,10
1486429360.000000954,34,HB,True,10
1486429360.000000993,8,HB,True,10
1486429361.000000033,8,HB,True,10
1486429361.000000074,8,HB,True,10
1486429361.000000110,11,HO,True,10
1486429361.000000147,11,HO,True,10
1486429361.000000187,11,HO,True,10
1486429361.000000230,13,HO,True,10
1486429361.000000264,13,HO,True,10
1486429361.000000303,13,HO,True,10
1486429361.000000342,13,HO,True,10
1486429361.000000381,13,HO,True,10
1486429361.000000418,13,HO,True,10
1486429361.000000455,14,HA,True,10
1486429361.000000493,14,HA,True,10
1486429361.000000534,14,HA,True,10
1486429361.000000573,18,HA,True,10
1486429361.000000610,18,HA,True,10
1486429361.000000649,18,HA,True,10
1486429361.000000689,0,HO,False,0
1486429361.000000726,0,HO,False,0
1486429361.000000764,0,HO,False,0
1486429361.000000802,0,HO,False,0
1486429361.000000842,0,HO,False,0
1486429361.000000882,0,HO,False,0
1486429361.000000918,0,HO,False,0
1486429361.000000957,0,HO,False,0
1486429361.000000995,0,HO,False,0
1486429362.000000035,0,HO,False,0
1486429362.000000072,0,HO,False,0
1486429362.000000111,0,HO,False,0
1486429362.000000150,0,HO,False,0
1486429362.000000190,0,HO,False,0
1486429362.000000229,0,HO,False,0
1486429362.000000265,0,HO,False,0
1486429362.000000303,0,HO,False,0
1486429362.000000343,0,HO,False,0
1486429362.000000384,0,HO,False,0
1486429362.000000419,0,HO,False,0
1486429362.000000458,0,HO,False,0
1486429362.000000495,0,HO,False,0
1486429362.000000536,0,HO,False,0
1486429362.000000574,0,HO,False,0
1486429362.000000612,0,HO,False,0
1486429362.000000652,0,HO,False,0
1486429362.000000691,0,HO,False,0
1486429362.000000735,0,HO,False,0
1486429362.000000766,0,HO,False,0
1486429362.000000804,0,HO,False,0
1486429362.000000844,0,HO,False,0
1486429362.000000885,0,HO,False,0
1486429362.000000921,0,HO,False,0
1486429362.000000959,0,HO,False,0
1486429362.000000997,0,HO,False,0
1486429363.000000037,0,HO,False,0
1486429363.000000075,0,HO,False,0
1486429363.000000113,0,HO,False,0
1486429363.000000151,0,HO,False,0
1486429363.000000191,0,HO,False,0
1486429363.000000229,0,HO,False,0
1486429363.000000267,0,HO,False,0
1486429363.000000306,0,HO,False,0
1486429363.000000344,0,HO,False,0
1486429363.000000384,0,HO,False,0
1486429363.000000453,0,HO,False,0
1486429363.000000486,0,HO,False,0
1486429363.000000510,0,HO,False,0
1486429363.000000537,0,HO,False,0
1486429363.000000592,0,HO,False,0
1486429363.000000634,0,HO,False,0
1486429363.000000670,0,HO,False,0
1486429363.000000691,0,HO,False,0
1486429363.000000734,0,HO,False,0
1486429363.000000768,0,HO,False,0
1486429363.000000807,0,HO,False,0
1486429363.000000845,0,HO,False,0
1486429363.000000885,0,HO,False,0
1486429363.000000923,0,HO,False,0
1486429363.000000961,0,HO,False,0
1486429363.000000999,0,HO,False,0
1486429364.000000038,0,HO,False,0
1486429364.000000077,0,HO,False,0
1486429364.000000115,0,HO,False,0
1486429364.000000153,0,HO,False,0
1486429364.000000195,0,HO,False,0
1486429364.000000237,0,HO,False,0
1486429364.000000270,0,HO,False,0
1486429364.000000309,0,HO,False,0
1486429364.000000347,0,HO,False,0
1486429364.000000387,0,HO,False,0
1486429364.000000424,0,HO,False,0
1486429364.000000462,0,HO,False,0
1486429364.000000501,0,HO,False,0
1486429364.000000538,0,HO,False,0
1486429364.000000579,0,HO,False,0
1486429364.000000616,0,HO,False,0
1486429364.000000655,0,HO,False,0
1486429364.000000695,0,HO,False,0
1486429364.000000731,0,HO,False,0
1486429364.000000770,0,HO,False,0
1486429364.000000809,0,HO,False,0
1486429364.000000847,0,HO,False,0
1486429364.000000887,0,HO,False,0
1486429364.000000925,0,HO,False,0
1486429364.000000963,0,HO,False,0
1486429365.000000001,0,HO,False,0
1486429365.000000040,0,HO,False,0
1486429365.000000079,0,HO,False,0
1486429365.000000117,0,HO,False,0
1486429365.000000156,0,HO,False,0
1486429365.000000197,0,HO,False,0
1486429365.000000233,0,HO,False,0
1486429365.000000272,0,HO,False,0
1486429365.000000310,0,HO,False,0
1486429365.000000348,0,HO,False,0
1486429365.000000389,0,HO,False,0
1486429365.000000426,0,HO,False,0
1486429365.000000464,0,HO,False,0
1486429365.000000502,0,HO,False,0
1486429365.000000542,0,HO,False,0
1486429365.000000579,0,HO,False,0
1486429365.000000619,0,HO,False,0
1486429365.000000658,0,HO,False,0
1486429365.000000697,0,HO,False,0
1486429365.000000741,0,HO,False,0
1486429365.000000775,0,HO,False,0
1486429365.000000810,0,HO,False,0
1486429365.000000850,0,HO,False,0
1486429365.000000890,0,HO,False,0
1486429365.000000927,0,HO,False,0
1486429365.000000966,0,HO,False,0
1486429366.000000004,0,HO,False,0
1486429366.000000042,0,HO,False,0
1486429366.000000081,0,HO,False,0
1486429366.000000120,0,HO,False,0
1486429366.000000192,0,HO,False,0
1486429366.000000290,0,HO,False,0
1486429366.000000397,0,HO,False,0
1486429366.000000513,0,HO,False,0
1486429366.000000634,0,HO,False,0
1486429366.000000825,0,HO,False,0
1486429366.000000943,0,HO,False,0
1486429367.000000051,0,HO,False,0
1486429367.000000113,0,HO,False,0
1486429367.000000203,0,HO,False,0
1486429367.000000250,0,HO,False,0
1486429367.000000298,0,HO,False,0
1486429367.000000340,0,HO,False,0
1486429367.000000377,0,HO,False,0
1486429367.000000499,0,HO,False,0
1486429367.000000662,0,HO,False,0
1486429367.000000782,0,HO,False,0
1486429367.000000826,0,HO,False,0
1486429367.000000851,0,HO,False,0
1486429367.000000894,0,HO,False,0
1486429367.000000930,0,HO,False,0
1486429367.000000970,0,HO,False,0
1486429368.000000008,0,HO,False,0
1486429368.000000047,0,HO,False,0
1486429368.000000083,0,HO,False,0
1486429368.000000125,0,HO,False,0
1486429368.000000162,0,HO,False,0
1486429368.000000202,0,HO,False,0
1486429368.000000240,0,HO,False,0
1486429368.000000278,0,HO,False,0
1486429368.000000318,0,HO,False,0
1486429368.000000355,0,HO,False,0
1486429368.000000394,0,HO,False,0
1486429368.000000432,0,HO,False,0
1486429368.000000473,0,HO,False,0
1486429368.000000509,0,HO,False,0
1486429368.000000548,0,HO,False,0
1486429368.000000586,0,HO,False,0
1486429368.000000625,0,HO,False,0
1486429368.000000665,0,HO,False,0
1486429368.000000712,0,HO,False,0
1486429368.000000763,0,HO,False,0
1486429368.000000803,0,HO,False,0
1486429368.000000827,0,HO,False,0
1486429368.000000859,0,HO,False,0
1486429368.000000896,0,HO,False,0
1486429368.000000936,0,HO,False,0
1486429368.000000972,0,HO,False,0
1486429369.000000010,0,HO,False,0
1486429369.000000049,0,HO,False,0
1486429369.000000087,0,HO,False,0
1486429369.000000126,0,HO,False,0
1486429369.000000164,0,HO,False,0
1486429369.000000203,0,HO,False,0
1486429369.000000241,0,HO,False,0
1486429369.000000280,0,HO,False,0
1486429369.000000319,0,HO,False,0
1486429369.000000357,0,HO,False,0
1486429369.000000396,0,HO,False,0
1486429369.000000435,0,HO,False,0
1486429369.000000475,0,HO,False,0
1486429369.000000511,0,HO,False,0
1486429369.000000550,0,HO,False,0
1486429369.000000588,0,HO,False,0
1486429369.000000630,0,HO,False,0
1486429369.000000666,0,HO,False,0
1486429369.000000704,0,HO,False,0
1486429369.000000742,0,HO,False,0
1486429369.000000780,0,HO,False,0
1486429369.000000819,0,HO,False,0
1486429369.000000859,0,HO,False,0
1486429369.000000897,0,HO,False,0
1486429369.000000935,0,HO,False,0
1486429369.000000974,0,HO,False,0
1486429370.000000012,0,HO,False,0
1486429370.000000050,0,HO,False,0
1486429370.000000089,0,HO,False,0
1486429370.000000128,0,HO,False,0
1486429370.000000166,0,HO,False,0
1486429370.000000204,0,HO,False,0
1486429370.000000249,0,HO,False,0
1486429370.000000294,0,HO,False,0
1486429370.000000324,0,HO,False,0
1486429370.000000372,0,HO,False,0
1486429370.000000408,0,HO,False,0
1486429370.000000452,0,HO,False,0
1486429370.000000490,0,HO,False,0
1486429370.000000521,0,HO,False,0
1486429370.000000562,0,HO,False,0
1486429370.000000595,0,HO,False,0
1486429370.000000632,0,HO,False,0
1486429370.000000826,0,HO,False,0
1486429370.000000871,0,HO,False,0
1486429370.000000913,0,HO,False,0
1486429370.000000945,0,HO,False,0
1486429370.000000981,0,HO,False,0
1486429371.000000027,0,HO,False,0
1486429371.000000057,0,HO,False,0
1486429371.000000098,0,HO,False,0
1486429371.000000151,0,HO,False,0
1486429371.000000249,0,HO,False,0
1486429371.000000363,0,HO,False,0
1486429371.000000400,0,HO,False,0
1486429371.000000438,0,HO,False,0
1486429371.000000477,0,HO,False,0
1486429371.000000515,0,HO,False,0
1486429371.000000555,0,HO,False,0
1486429371.000000593,0,HO,False,0
1486429371.000000632,0,HO,False,0
1486429371.000000690,0,HO,False,0
1486429371.000000868,0,HO,False,0
1486429371.000000980,0,HO,False,0
1486429372.000000016,0,HO,False,0
1486429372.000000055,0,HO,False,0
1486429372.000000094,0,HO,False,0
1486429372.000000133,0,HO,False,0
1486429372.000000171,0,HO,False,0
1486429372.000000211,0,HO,False,0
1486429372.000000247,0,HO,False,0
1486429372.000000287,0,HO,False,0
1486429372.000000325,0,HO,False,0
1486429372.000000372,0,HO,False,0
1486429372.000000405,0,HO,False,0
1486429372.000000456,0,HO,False,0
1486429372.000000482,0,HO,False,0
1486429372.000000530,0,HO,False,0
1486429372.000000566,0,HO,False,0
1486429372.000000600,0,HO,False,0
1486429372.000000642,0,HO,False,0
1486429372.000000680,0,HO,False,0
1486429372.000000714,0,HO,False,0
1486429372.000000759,0,HO,False,0
1486429372.000000804,0,HO,False,0
1486429372.000000836,0,HO,False,0
1486429372.000000867,0,HO,False,0
1486429372.000000913,0,HO,False,0
1486429372.000000947,0,HO,False,0
1486429372.000000987,0,HO,False,0
1486429373.000000027,0,HO,False,0
1486429373.000000061,0,HO,False,0
1486429373.000000107,0,HO,False,0
1486429373.000000144,0,HO,False,0
1486429373.000000186,0,HO,False,0
1486429373.000000220,0,HO,False,0
1486429373.000000260,0,HO,False,0
1486429373.000000292,0,HO,False,0
1486429373.000000334,0,HO,False,0
1486429373.000000370,0,HO,False,0
1486429373.000000412,0,HO,False,0
1486429373.000000598,0,HO,False,0
1486429373.000000636,0,HO,False,0
1486429373.000000673,0,HO,False,0
1486429373.000000712,0,HO,False,0
1486429373.000000750,0,HO,False,0
1486429373.000000790,0,HO,False,0
1486429373.000000829,0,HO,False,0
1486429373.000000866,0,HO,False,0
1486429373.000000905,0,HO,False,0
1486429373.000000943,0,HO,False,0
1486429373.000000984,0,HO,False,0
1486429374.000000020,0,HO,False,0
1486429374.000000059,0,HO,False,0
1486429374.000000099,0,HO,False,0
1486429374.000000137,0,HO,False,0
1486429374.000000175,0,HO,False,0
1486429374.000000214,0,HO,False,0
1486429374.000000252,0,HO,False,0
1486429374.000000292,0,HO,False,0
1486429374.000000330,0,HO,False,0
